-- phpMyAdmin SQL Dump
-- version 4.9.5
-- https://www.phpmyadmin.net/
--
-- Host: localhost:3306
-- Waktu pembuatan: 08 Jun 2020 pada 18.07
-- Versi server: 10.3.16-MariaDB
-- Versi PHP: 7.3.12

SET SQL_MODE = "NO_AUTO_VALUE_ON_ZERO";
SET AUTOCOMMIT = 0;
START TRANSACTION;
SET time_zone = "+00:00";


/*!40101 SET @OLD_CHARACTER_SET_CLIENT=@@CHARACTER_SET_CLIENT */;
/*!40101 SET @OLD_CHARACTER_SET_RESULTS=@@CHARACTER_SET_RESULTS */;
/*!40101 SET @OLD_COLLATION_CONNECTION=@@COLLATION_CONNECTION */;
/*!40101 SET NAMES utf8mb4 */;

--
-- Database: `id13871733_uas`
--

-- --------------------------------------------------------

--
-- Struktur dari tabel `balita`
--

CREATE TABLE `balita` (
  `nik` varchar(20) NOT NULL,
  `namalengkap` varchar(200) NOT NULL,
  `namapanggil` varchar(10) NOT NULL,
  `jk` varchar(10) NOT NULL,
  `tempat` varchar(100) NOT NULL,
  `tgllahir` date NOT NULL,
  `ayah` varchar(200) NOT NULL,
  `nikayah` varchar(20) NOT NULL,
  `ibu` varchar(200) NOT NULL,
  `nikibu` varchar(20) NOT NULL,
  `umurayah` int(3) NOT NULL,
  `umuribu` int(3) NOT NULL,
  `kerjaayah` varchar(100) NOT NULL,
  `kerjaibu` varchar(100) NOT NULL,
  `alamat` varchar(100) NOT NULL,
  `noayah` varchar(15) NOT NULL,
  `noibu` varchar(15) NOT NULL
) ENGINE=InnoDB DEFAULT CHARSET=latin1;

--
-- Dumping data untuk tabel `balita`
--

INSERT INTO `balita` (`nik`, `namalengkap`, `namapanggil`, `jk`, `tempat`, `tgllahir`, `ayah`, `nikayah`, `ibu`, `nikibu`, `umurayah`, `umuribu`, `kerjaayah`, `kerjaibu`, `alamat`, `noayah`, `noibu`) VALUES
('3510926739026789', 'Sindy Anggun Haryati', 'Sindy', 'Perempuan', 'Surabaya', '2017-02-27', 'Karyono', '3519867920966782', 'Asih Nur Ningsih', '3517820935679836', 30, 27, 'Nelayan / Perikanan', 'Karyawan Swasta', 'Pondok Legi II No 63', '085673097245', '0827893678046'),
('3514587093570957', 'Muhammad Al Faiz', 'Faiz', 'Laki-laki', 'Sidoarjo', '2019-03-07', 'Andrean', '3520965893560952', 'Susini Wilati', '3527864962094597', 25, 19, 'Perdagangan', 'Mengurus Rumah Tangga', 'Jalan Jatisari No. 93', '081678235783', '089262975409'),
('35150667320775', 'Alisya Aulia', 'lia', 'Perempuan', 'Sidoarjo', '2019-11-14', 'bagas amiruddin', '35150987665173', 'Aulia putri', '351506621107679', 30, 22, 'Karyawan Swasta', 'Mengurus Rumah Tangga', 'Wonocolo gang 5 rt 11 rw 13', '082133456789', '089765345215'),
('3515674359867894', 'Ardi Julianto', 'Ardi', 'Laki-laki', 'Surabaya', '2019-03-19', 'Imron', '3517683749827389', 'Wiwik Handayani', '2516473879826738', 35, 25, 'Karyawan Swasta', 'Mengurus Rumah Tangga', 'Jalan Jatisari Besar No. 90', '081330035879', '089666205099'),
('3515715180000002', 'Oktania Purwaningrum', 'Nia', 'Perempuan', 'Sidoarjo', '2018-10-17', 'Purwanto', '3515716739865682', 'Dewi Setianingrum', '3514567898765460', 45, 40, 'Tentara Nasional Indonesia', 'Mengurus Rumah Tangga', 'Jalan Jatisari No. 79 RT. 02', '089763648902', '082363729247'),
('3516720936784530', 'Siska Amrinikmah', 'Siska', 'Perempuan', 'Malang', '2016-05-29', 'Suwardi', '3516720937895620', 'Sita', '3516737820914529', 26, 25, 'Pegawai Negeri Sipil', 'Pegawai Negeri Sipil', 'Jalan Jatisari No. 3', '089763999251', '089236891226'),
('3516728935611118', 'M Daffa Izzulhaq', 'Daffa', 'Laki-laki', 'Sidoarjo', '2016-09-01', 'Sendri Andri', '3518925635648716', 'Ika Zumaroh', '3517820983678729', 35, 30, 'Karyawan Swasta', 'Guru', 'Jalan Jatisari Besar No. 84', '089562873567', '087453984670'),
('3517820370964589', 'Ajeng Trimutri', 'Ajeng', 'Perempuan', 'Sidoarjo', '2017-12-25', 'Santoso', '3519850963780947', 'Tini Asih Tri', '3510926783569746', 27, 26, 'Tentara Nasional Indonesia', 'Mengurus Rumah Tangga', 'Jalan Jatisari II No. 36', '081672873567', '082863672985'),
('3517820983094892', 'Dewi Anggraeini', 'Rini', 'Perempuan', 'Jakarta', '2017-09-27', 'Noko Setiabudi', '3516720936673352', 'Citra Harmoni', '3512773782364352', 30, 28, 'Perdagangan', 'Perdagangan', 'Jalan Jatisari No. 56', '089922883345', '081234589090'),
('3518725936709256', 'Fina Aura Regita', 'Fina', 'Perempuan', 'Surabaya', '2017-02-24', 'Sumardi Sinasi', '3519826738915670', 'Biarnisih', '3518209567829836', 24, 21, 'Petani / Pekebun', 'Mengurus Rumah Tangga', 'Jalan Jatisari No. 32', '089992666390', '081347829210'),
('3518925670863569', 'May Nur Dita', 'Dita', 'Perempuan', 'Yogyakarta', '2016-06-06', 'Lathif Kusumonorti', '3518920863785649', 'Siti Alaika', '3518902893678907', 35, 27, 'Pegawai Negeri Sipil', 'Pegawai Negeri Sipil', 'Jalan Jatisari Besar No. 90', '089789290789', '085732538498'),
('3519992730256389', 'Anissa Islamiyah', 'Nisa', 'Perempuan', 'Malang', '2018-09-27', 'Oktorian', '3516720936240901', 'Dita Sunangsih', '3510920029382930', 31, 25, 'Karyawan Swasta', 'Karyawan Swasta', 'Jalan Jatisari No. 63', '081928735098123', '082345678000267'),
('3526786548907658', 'Azizah Ananda Sabila', 'Azizah', 'Perempuan', 'Sidoarjo', '2018-02-25', 'Supriadi', '3524567897693460', 'Siti Zulaika', '3520985975671859', 27, 23, 'Pegawai Negeri Sipil', 'Mengurus Rumah Tangga', 'Jalan Jatisari No. 20', '089562789645', '081567982356'),
('3578925637820956', 'Surya Firmansyah', 'Surya', 'Laki-laki', 'Malang', '2018-08-20', 'Suryanto', '3578092367810357', 'Siti Aminah', '3579267830000258', 27, 26, 'Perdagangan', 'Mengurus Rumah Tangga', 'Jalan Jatisari Gang 3 No 85', '081444489567', '089267093678'),
('3589086798267301', 'Risky Nur Ahmad Sholeh', 'Risky', 'Laki-laki', 'Majalengka', '2019-02-28', 'Sunarno', '3589825678720961', 'Amira Nur', '3589725630972873', 25, 24, 'Kepolisian RI', 'Karyawan Swasta', 'Jalan Jatisari II No.56', '082458765094', '089673845638');

-- --------------------------------------------------------

--
-- Struktur dari tabel `cek`
--

CREATE TABLE `cek` (
  `no` int(10) NOT NULL,
  `tgl` date NOT NULL,
  `nik` varchar(20) NOT NULL,
  `bulan` int(2) NOT NULL,
  `berat` float(5,2) NOT NULL,
  `tinggi` float(5,2) NOT NULL,
  `obat` text DEFAULT NULL
) ENGINE=InnoDB DEFAULT CHARSET=latin1;

--
-- Dumping data untuk tabel `cek`
--

INSERT INTO `cek` (`no`, `tgl`, `nik`, `bulan`, `berat`, `tinggi`, `obat`) VALUES
(1, '2016-06-05', '3516720936784530', 0, 3.40, 48.00, 'Polio'),
(2, '2016-07-05', '3516720936784530', 1, 3.53, 49.67, 'BCG'),
(3, '2016-08-05', '3516720936784530', 2, 3.79, 50.61, 'DPT-1, HIB'),
(4, '2016-09-05', '3516720936784530', 3, 3.84, 52.60, 'PCV, ROTAVIRUS'),
(5, '2016-10-05', '3516720936784530', 4, 5.28, 56.40, 'HEPATITIS B-2'),
(6, '2016-11-05', '3516720936784530', 5, 5.86, 56.90, ''),
(7, '2016-12-05', '3516720936784530', 6, 5.90, 56.94, 'PCV-2, ROTAVIRUS-2, INFLUENZA'),
(8, '2017-01-07', '3516720936784530', 7, 6.12, 57.48, ''),
(9, '2017-02-07', '3516720936784530', 8, 6.21, 57.80, ''),
(10, '2017-03-07', '3516720936784530', 9, 6.45, 58.05, 'Campak-1'),
(11, '2017-04-07', '3516720936784530', 10, 6.57, 58.75, 'Varisela, PCV-4, Japanese enchephalitis-1'),
(12, '2017-05-07', '3516720936784530', 11, 6.59, 59.05, ''),
(13, '2017-05-07', '3516720936784530', 12, 7.40, 60.15, ''),
(14, '2017-06-07', '3516720936784530', 13, 7.40, 60.15, 'Polio-2, Hepatitis B-3'),
(15, '2017-07-07', '3516720936784530', 14, 7.52, 62.70, 'Hib-4, MMR-1'),
(16, '2017-08-07', '3516720936784530', 15, 7.64, 63.40, ''),
(17, '2017-09-07', '3516720936784530', 16, 7.94, 67.90, ''),
(18, '2017-10-07', '3516720936784530', 17, 8.32, 68.30, 'Polio-4, DTP-4, Campak-2'),
(19, '2017-11-07', '3516720936784530', 18, 8.58, 68.95, 'Influenza'),
(20, '2017-12-07', '3516720936784530', 19, 8.64, 69.20, 'Rotavirus-3'),
(21, '2018-01-09', '3516720936784530', 20, 8.94, 69.50, ''),
(22, '2018-02-09', '3516720936784530', 21, 9.18, 69.90, 'Polio-4, DTP-4, Campak-2'),
(23, '2018-03-09', '3516720936784530', 22, 9.22, 70.05, ''),
(24, '2018-04-09', '3516720936784530', 23, 9.34, 71.20, ''),
(25, '2018-05-09', '3516720936784530', 24, 9.42, 72.80, 'Tifoid, Hepatitis A'),
(26, '2018-06-09', '3516720936784530', 25, 9.59, 73.50, 'Japanese encephalitis-2'),
(27, '2018-07-09', '3516720936784530', 26, 9.62, 73.72, ''),
(28, '2018-08-09', '3516720936784530', 27, 9.84, 75.10, ''),
(29, '2018-09-09', '3516720936784530', 28, 9.84, 75.70, ''),
(30, '2018-10-09', '3516720936784530', 29, 9.90, 76.90, ''),
(31, '2018-11-09', '3516720936784530', 30, 9.97, 77.80, ''),
(32, '2018-12-09', '3516720936784530', 31, 10.84, 75.10, ''),
(33, '2019-01-05', '3516720936784530', 32, 11.54, 77.40, ''),
(34, '2019-02-05', '3516720936784530', 33, 11.90, 79.40, ''),
(35, '2019-03-05', '3516720936784530', 34, 12.27, 80.86, ''),
(36, '2019-04-05', '3516720936784530', 35, 12.50, 83.70, ''),
(37, '2019-05-05', '3516720936784530', 36, 12.83, 85.10, ''),
(38, '2019-06-05', '3516720936784530', 37, 13.04, 87.30, ''),
(39, '2019-07-05', '3516720936784530', 38, 13.92, 88.90, ''),
(40, '2019-08-05', '3516720936784530', 39, 14.05, 89.30, ''),
(41, '2019-09-05', '3516720936784530', 40, 14.52, 89.90, ''),
(42, '2019-10-05', '3516720936784530', 41, 15.02, 90.40, ''),
(43, '2019-11-05', '3516720936784530', 42, 15.47, 90.90, ''),
(44, '2019-12-05', '3516720936784530', 43, 15.95, 92.30, ''),
(45, '2020-01-07', '3516720936784530', 44, 15.90, 93.00, ''),
(46, '2020-02-07', '3516720936784530', 45, 15.95, 95.40, ''),
(47, '2020-03-07', '3516720936784530', 46, 15.97, 96.00, ''),
(48, '2017-03-07', '3510926739026789', 0, 4.10, 50.05, 'Polio-0, BCG'),
(49, '2017-04-07', '3510926739026789', 1, 4.16, 50.75, 'Hepatitis-B2, Polio-1, DTP-1'),
(50, '2017-05-07', '3510926739026789', 2, 4.59, 51.05, 'HIB-1, PCV-1, Rotavirus-1'),
(51, '2017-05-07', '3510926739026789', 3, 5.40, 52.15, 'Hepatitis B-3, Polio-2, DTP-2, HIB-2'),
(52, '2017-06-07', '3510926739026789', 4, 5.70, 53.80, 'Hepatitis B-4, Polio-3, DTP-3'),
(53, '2017-07-07', '3510926739026789', 5, 5.92, 54.70, 'HIB-3, PCV-2, Rotavirus-2'),
(54, '2017-08-07', '3510926739026789', 6, 6.34, 55.96, 'PCV-3, Rotavirus-3, Influenza'),
(55, '2017-09-07', '3510926739026789', 7, 6.54, 56.50, ''),
(56, '2017-10-07', '3510926739026789', 8, 6.82, 57.70, ''),
(57, '2017-11-07', '3510926739026789', 9, 7.23, 58.35, 'Campak-1'),
(58, '2017-12-07', '3510926739026789', 10, 7.64, 60.70, ''),
(59, '2018-01-09', '3510926739026789', 11, 7.80, 62.95, ''),
(60, '2018-02-09', '3510926739026789', 12, 8.18, 64.32, 'Varisela, PCV-4, Japanese encephalitis-1'),
(61, '2018-03-09', '3510926739026789', 13, 8.52, 65.45, ''),
(62, '2018-04-09', '3510926739026789', 14, 8.94, 67.78, ''),
(63, '2018-05-09', '3510926739026789', 15, 9.42, 68.34, 'HIB-4, MMR-1'),
(64, '2018-06-09', '3510926739026789', 16, 9.59, 69.57, ''),
(65, '2018-07-09', '3510926739026789', 17, 9.62, 70.72, ''),
(66, '2018-08-09', '3510926739026789', 18, 9.84, 71.10, ''),
(67, '2018-09-09', '3510926739026789', 19, 9.84, 73.70, ''),
(68, '2018-10-09', '3510926739026789', 20, 9.90, 75.90, ''),
(69, '2018-11-09', '3510926739026789', 21, 9.97, 76.80, ''),
(70, '2018-12-09', '3510926739026789', 22, 10.84, 76.97, ''),
(71, '2019-01-05', '3510926739026789', 23, 11.54, 77.40, ''),
(72, '2019-02-05', '3510926739026789', 24, 11.90, 77.66, 'Tifoid, Hepatitis-A'),
(73, '2019-03-05', '3510926739026789', 25, 12.27, 78.86, ''),
(74, '2019-04-05', '3510926739026789', 26, 12.50, 79.70, ''),
(75, '2019-05-05', '3510926739026789', 27, 12.83, 80.10, ''),
(76, '2019-06-05', '3510926739026789', 28, 13.04, 81.30, ''),
(77, '2019-07-05', '3510926739026789', 29, 13.92, 82.90, ''),
(78, '2019-08-05', '3510926739026789', 30, 14.05, 83.30, ''),
(79, '2019-09-05', '3510926739026789', 31, 14.52, 84.90, ''),
(80, '2019-10-05', '3510926739026789', 32, 15.02, 85.40, ''),
(81, '2019-11-05', '3510926739026789', 33, 15.47, 86.90, ''),
(82, '2019-12-05', '3510926739026789', 34, 15.95, 87.30, ''),
(83, '2020-01-07', '3510926739026789', 35, 15.90, 88.00, ''),
(84, '2020-02-07', '3510926739026789', 36, 15.95, 89.40, ''),
(85, '2020-03-07', '3510926739026789', 37, 15.97, 90.50, ''),
(86, '2019-04-05', '3514587093570957', 0, 3.50, 49.70, 'Hepatitis B-1'),
(87, '2019-05-05', '3514587093570957', 1, 4.35, 50.43, 'BCG'),
(88, '2019-06-05', '3514587093570957', 2, 4.53, 50.79, 'Polio-0, Hepatitis B-2, DTP-1, HIB-1'),
(89, '2019-07-05', '3514587093570957', 3, 5.43, 52.56, 'Polio-1, PCV-1'),
(90, '2019-08-05', '3514587093570957', 4, 5.53, 54.64, 'Rotavirus-1, Hepatitis B-4, Polio-3, DTP-3'),
(91, '2019-09-05', '3514587093570957', 5, 5.64, 57.32, 'HIB-3, PCV-2, Rotavirus-2'),
(92, '2019-10-05', '3514587093570957', 6, 6.20, 58.53, 'Influenza'),
(93, '2019-11-05', '3514587093570957', 7, 6.32, 58.32, 'PCV-3'),
(94, '2019-12-05', '3514587093570957', 8, 6.64, 59.43, 'Rotavirus-3'),
(95, '2020-01-07', '3514587093570957', 9, 7.14, 60.34, 'Campak-1'),
(96, '2020-02-07', '3514587093570957', 10, 7.42, 60.42, 'Vitamin A'),
(97, '2020-03-07', '3514587093570957', 11, 7.90, 61.58, ''),
(98, '2019-12-05', '35150667320775', 0, 3.95, 50.42, 'Hepatitis B-1'),
(99, '2020-01-07', '35150667320775', 1, 4.39, 51.23, 'Polio-0'),
(100, '2020-02-07', '35150667320775', 2, 4.50, 51.53, 'BCG, Polio-1, PCV-1'),
(101, '2020-03-07', '35150667320775', 3, 5.24, 52.63, 'HIB-1'),
(102, '2019-04-05', '3515674359867894', 0, 3.74, 50.70, 'Hepatitis B-1, Polio-0'),
(103, '2019-05-05', '3515674359867894', 1, 4.43, 50.93, 'BCG'),
(104, '2019-06-05', '3515674359867894', 2, 4.53, 50.99, 'Hepatitis B-2, Polio-1, HIB-1'),
(105, '2019-07-05', '3515674359867894', 3, 5.23, 51.56, 'PCV-1, Rotavirus-1'),
(106, '2019-08-05', '3515674359867894', 4, 5.33, 53.64, 'DTP-1, Hepatitis B-3, Polio-2, HIB-2'),
(107, '2019-09-05', '3515674359867894', 5, 6.14, 54.32, 'DTP-2, Hepatitis B-4, Polio-3, DTP-3'),
(108, '2019-10-05', '3515674359867894', 6, 6.60, 56.53, 'HIB-3, PCV-2, Rotavirus-2'),
(109, '2019-11-05', '3515674359867894', 7, 7.32, 57.32, 'PCV-3'),
(110, '2019-12-05', '3515674359867894', 8, 7.64, 58.43, 'Influenza, Rotavirus-3'),
(111, '2020-01-07', '3515674359867894', 9, 8.14, 58.74, 'Campak-1'),
(112, '2020-02-07', '3515674359867894', 10, 8.42, 58.92, ''),
(113, '2020-03-07', '3515674359867894', 11, 8.90, 60.58, ''),
(114, '2018-11-09', '3515715180000002', 0, 3.12, 50.31, 'BCG, Polio-1'),
(115, '2018-12-09', '3515715180000002', 1, 3.64, 51.97, 'Hepatitis B-2, Polio-2, DTP-1'),
(116, '2019-01-05', '3515715180000002', 2, 3.84, 52.40, 'HIB-1, PCV-1'),
(117, '2019-02-05', '3515715180000002', 3, 4.20, 53.66, 'Rotavirus-1, Hepatitis B-3, Polio-3'),
(118, '2019-03-05', '3515715180000002', 4, 4.57, 55.86, 'DTP-2, HIB-2, Hepatitis B-4'),
(119, '2019-04-05', '3515715180000002', 5, 4.70, 56.70, 'Polio-3, DTP-3, HIB-3'),
(120, '2019-05-05', '3515715180000002', 6, 5.23, 57.10, 'PCV-2'),
(121, '2019-06-05', '3515715180000002', 7, 5.34, 58.30, 'PCV-3, Rotavirus-3, Influenza'),
(122, '2019-07-05', '3515715180000002', 8, 5.92, 59.90, ''),
(123, '2019-08-05', '3515715180000002', 9, 6.05, 60.30, 'Campak-1'),
(124, '2019-09-05', '3515715180000002', 10, 6.42, 61.90, ''),
(125, '2019-10-05', '3515715180000002', 11, 6.52, 63.40, 'Varisela'),
(126, '2019-11-05', '3515715180000002', 12, 6.97, 63.90, 'PCV-4'),
(127, '2019-12-05', '3515715180000002', 13, 7.15, 64.42, ''),
(128, '2020-01-07', '3515715180000002', 14, 7.39, 66.23, 'Japanese encephalitis-1'),
(129, '2020-02-07', '3515715180000002', 15, 7.50, 68.53, 'HIB-4'),
(130, '2020-03-07', '3515715180000002', 16, 8.24, 68.63, 'MMR-1'),
(131, '2016-10-05', '3516728935611118', 0, 3.28, 56.40, 'BCG'),
(132, '2016-11-05', '3516728935611118', 1, 3.86, 56.90, 'Polio-0'),
(133, '2016-12-05', '3516728935611118', 2, 3.90, 56.94, 'Hepatitis B-2, Polio-1, DTP-1, HIB-1, PCV-1, Rotavirus-1'),
(134, '2017-01-07', '3516728935611118', 3, 4.12, 57.48, 'Hepatitis B-3, Polio-2, DTP-2, HIB-2'),
(135, '2017-02-07', '3516728935611118', 4, 4.21, 57.80, 'Hepatitis B-4, Polio-3, DTP-3, HIB-3, PCV-2, Rotavirus-2'),
(136, '2017-03-07', '3516728935611118', 5, 4.50, 58.05, ''),
(137, '2017-04-07', '3516728935611118', 6, 4.16, 58.75, 'PCV-3, Rotavirus-3, Influeza'),
(138, '2017-05-07', '3516728935611118', 7, 4.59, 59.05, ''),
(139, '2017-05-07', '3516728935611118', 8, 5.40, 60.15, ''),
(140, '2017-06-07', '3516728935611118', 9, 5.70, 60.80, 'Campak-1'),
(141, '2017-07-07', '3516728935611118', 10, 5.92, 61.70, 'Varisela'),
(142, '2017-08-07', '3516728935611118', 11, 6.34, 62.96, 'PCV-4'),
(143, '2017-09-07', '3516728935611118', 12, 6.54, 63.50, 'Japanese encephalitis-1'),
(144, '2017-10-07', '3516728935611118', 13, 6.82, 63.70, ''),
(145, '2017-11-07', '3516728935611118', 14, 7.23, 65.35, ''),
(146, '2017-12-07', '3516728935611118', 15, 7.64, 67.70, 'HIB-4'),
(147, '2018-01-09', '3516728935611118', 16, 7.80, 67.95, 'MMR-1'),
(148, '2018-02-09', '3516728935611118', 17, 8.18, 68.32, ''),
(149, '2018-03-09', '3516728935611118', 18, 8.52, 69.45, 'Polio-4'),
(150, '2018-04-09', '3516728935611118', 19, 8.94, 69.78, 'DTP-4'),
(151, '2018-05-09', '3516728935611118', 20, 10.42, 70.34, 'Campak-2'),
(152, '2018-06-09', '3516728935611118', 21, 10.59, 71.57, 'Influeza'),
(153, '2018-07-09', '3516728935611118', 22, 12.62, 71.72, ''),
(154, '2018-08-09', '3516728935611118', 23, 12.84, 72.10, 'Tifoid'),
(155, '2018-09-09', '3516728935611118', 24, 12.84, 72.70, 'Hepatitis A'),
(156, '2018-10-09', '3516728935611118', 25, 12.90, 72.90, 'Japanese encephalitis-2'),
(157, '2018-11-09', '3516728935611118', 26, 13.12, 73.31, ''),
(158, '2018-12-09', '3516728935611118', 27, 13.64, 76.97, ''),
(159, '2019-01-05', '3516728935611118', 28, 13.84, 79.40, ''),
(160, '2019-02-05', '3516728935611118', 29, 14.20, 79.66, ''),
(161, '2019-03-05', '3516728935611118', 30, 14.57, 79.86, ''),
(162, '2019-04-05', '3516728935611118', 31, 14.70, 80.70, ''),
(163, '2019-05-05', '3516728935611118', 32, 15.23, 82.10, ''),
(164, '2019-06-05', '3516728935611118', 33, 15.34, 82.30, 'Vitamin A'),
(165, '2019-07-05', '3516728935611118', 34, 15.92, 83.90, ''),
(166, '2019-08-05', '3516728935611118', 35, 16.05, 84.30, ''),
(167, '2019-09-05', '3516728935611118', 36, 16.42, 84.90, ''),
(168, '2019-10-05', '3516728935611118', 37, 16.52, 85.40, ''),
(169, '2019-11-05', '3516728935611118', 38, 16.97, 88.90, 'Vitamin B'),
(170, '2019-12-05', '3516728935611118', 39, 17.15, 90.42, ''),
(171, '2020-01-07', '3516728935611118', 40, 17.39, 91.23, ''),
(172, '2020-02-07', '3516728935611118', 41, 17.50, 92.53, ''),
(173, '2020-03-07', '3516728935611118', 42, 17.24, 93.63, ''),
(174, '2018-01-09', '3517820370964589', 0, 7.80, 67.95, 'Hepatitis B-1'),
(175, '2018-02-09', '3517820370964589', 1, 8.18, 68.32, 'BCG, Polio-0'),
(176, '2018-03-09', '3517820370964589', 2, 8.52, 69.45, 'Hepatitis B-2, Polio-1'),
(177, '2018-04-09', '3517820370964589', 3, 8.94, 69.78, 'DTP-1, HIB-1, PCV-1, Rotavirus-1'),
(178, '2018-05-09', '3517820370964589', 4, 10.42, 70.34, 'Hepatitis B-3, Polio-2, DTP-2'),
(179, '2018-06-09', '3517820370964589', 5, 10.59, 71.57, 'HIB-2, Hepatitis B-4, Polio-3'),
(180, '2018-07-09', '3517820370964589', 6, 12.62, 71.72, 'DTP-3, HIB-3, PCV-2'),
(181, '2018-08-09', '3517820370964589', 7, 12.84, 72.10, 'Rotavirus-2, PCV-3, Influeza'),
(182, '2018-09-09', '3517820370964589', 8, 12.84, 72.70, 'Rotavirus-3'),
(183, '2018-10-09', '3517820370964589', 9, 12.90, 72.90, 'Campak-1'),
(184, '2018-11-09', '3517820370964589', 10, 13.12, 73.31, ''),
(185, '2018-12-09', '3517820370964589', 11, 13.64, 76.97, 'Varisela, PCV-4'),
(186, '2019-01-05', '3517820370964589', 12, 13.84, 79.40, 'Japanese encephalitis-1'),
(187, '2019-02-05', '3517820370964589', 13, 14.20, 79.66, ''),
(188, '2019-03-05', '3517820370964589', 14, 14.57, 79.86, 'HIB-4'),
(189, '2019-04-05', '3517820370964589', 15, 14.70, 80.70, 'MMR-1, Polio-4'),
(190, '2019-05-05', '3517820370964589', 16, 15.23, 82.10, ''),
(191, '2019-06-05', '3517820370964589', 17, 15.34, 82.30, 'Vitamin A'),
(192, '2019-07-05', '3517820370964589', 18, 15.92, 83.90, 'DTP-4, Campak-2, Influeza'),
(193, '2019-08-05', '3517820370964589', 19, 16.05, 84.30, ''),
(194, '2019-09-05', '3517820370964589', 20, 16.42, 84.90, 'Tifoid'),
(195, '2019-10-05', '3517820370964589', 21, 16.52, 85.40, ''),
(196, '2019-11-05', '3517820370964589', 22, 16.97, 88.90, 'Vitamin B'),
(197, '2019-12-05', '3517820370964589', 23, 17.15, 90.42, ''),
(198, '2020-01-07', '3517820370964589', 24, 17.39, 91.23, 'Hepatitis A'),
(199, '2020-02-07', '3517820370964589', 25, 17.50, 92.53, 'Japanese encephalitis-2'),
(200, '2020-03-07', '3517820370964589', 26, 17.24, 93.63, ''),
(201, '2017-10-07', '3517820983094892', 0, 3.82, 55.70, ''),
(202, '2017-11-07', '3517820983094892', 1, 4.23, 56.35, ''),
(203, '2017-12-07', '3517820983094892', 2, 4.64, 67.70, 'HIB-4'),
(204, '2018-01-09', '3517820983094892', 3, 4.80, 67.95, 'Hepatitis B-1'),
(205, '2018-02-09', '3517820983094892', 4, 5.18, 68.32, 'BCG, Polio-0'),
(206, '2018-03-09', '3517820983094892', 5, 5.52, 69.45, 'Hepatitis B-2, Polio-1'),
(207, '2018-04-09', '3517820983094892', 6, 5.94, 69.78, 'DTP-1, HIB-1, PCV-1, Rotavirus-1'),
(208, '2018-05-09', '3517820983094892', 7, 6.42, 70.34, 'Hepatitis B-3, Polio-2, DTP-2'),
(209, '2018-06-09', '3517820983094892', 8, 6.59, 71.57, 'HIB-2, Hepatitis B-4, Polio-3'),
(210, '2018-07-09', '3517820983094892', 9, 6.62, 71.72, 'DTP-3, HIB-3, PCV-2'),
(211, '2018-08-09', '3517820983094892', 10, 6.84, 72.10, 'Rotavirus-2, PCV-3, Influeza'),
(212, '2018-09-09', '3517820983094892', 11, 7.84, 72.70, 'Rotavirus-3'),
(213, '2018-10-09', '3517820983094892', 12, 7.90, 72.90, 'Campak-1'),
(214, '2018-11-09', '3517820983094892', 13, 9.12, 73.31, ''),
(215, '2018-12-09', '3517820983094892', 14, 9.64, 76.97, 'Varisela, PCV-4'),
(216, '2019-01-05', '3517820983094892', 15, 9.84, 79.40, 'Japanese encephalitis-1'),
(217, '2019-02-05', '3517820983094892', 16, 10.20, 79.66, ''),
(218, '2019-03-05', '3517820983094892', 17, 10.57, 79.86, 'HIB-4'),
(219, '2019-04-05', '3517820983094892', 18, 11.70, 80.70, 'MMR-1, Polio-4'),
(220, '2019-05-05', '3517820983094892', 19, 12.23, 82.10, ''),
(221, '2019-06-05', '3517820983094892', 20, 13.34, 82.30, 'Vitamin A'),
(222, '2019-07-05', '3517820983094892', 21, 13.92, 83.90, 'DTP-4, Campak-2, Influeza'),
(223, '2019-08-05', '3517820983094892', 22, 14.05, 84.30, ''),
(224, '2019-09-05', '3517820983094892', 23, 14.42, 84.90, 'Tifoid'),
(225, '2019-10-05', '3517820983094892', 24, 14.52, 85.40, ''),
(226, '2019-11-05', '3517820983094892', 25, 14.97, 88.90, 'Vitamin B'),
(227, '2019-12-05', '3517820983094892', 26, 15.15, 90.42, ''),
(228, '2020-01-07', '3517820983094892', 27, 14.39, 91.23, 'Hepatitis A'),
(229, '2020-02-07', '3517820983094892', 28, 15.50, 92.53, 'Japanese encephalitis-2'),
(230, '2020-03-07', '3517820983094892', 29, 15.24, 93.63, ''),
(231, '2017-03-07', '3518725936709256', 0, 4.50, 58.05, 'Hepatitis B-1'),
(232, '2017-04-07', '3518725936709256', 1, 4.16, 58.75, 'BCG, Polio-0'),
(233, '2017-05-07', '3518725936709256', 2, 4.59, 59.05, 'Hepatitis B-2, Polio-1'),
(234, '2017-05-07', '3518725936709256', 3, 5.40, 60.15, 'DTP-1, HIB-1, PCV-1, Rotavirus-1'),
(235, '2017-06-07', '3518725936709256', 4, 5.70, 60.80, 'Hepatitis B-3, Polio-2, DTP-2'),
(236, '2017-07-07', '3518725936709256', 5, 5.92, 61.70, 'HIB-2, Hepatitis B-4, Polio-3'),
(237, '2017-08-07', '3518725936709256', 6, 6.34, 62.96, 'DTP-3, HIB-3, PCV-2'),
(238, '2017-09-07', '3518725936709256', 7, 6.54, 63.50, 'Rotavirus-2, PCV-3, Influeza'),
(239, '2017-10-07', '3518725936709256', 8, 3.82, 55.70, ''),
(240, '2017-11-07', '3518725936709256', 9, 4.23, 56.35, 'Rotavirus-3'),
(241, '2017-12-07', '3518725936709256', 10, 4.64, 67.70, 'Campak-1'),
(242, '2018-01-09', '3518725936709256', 11, 4.80, 67.95, ''),
(243, '2018-02-09', '3518725936709256', 12, 5.18, 68.32, 'Varisela, PCV-4'),
(244, '2018-03-09', '3518725936709256', 13, 5.52, 69.45, 'Japanese encephalitis-1'),
(245, '2018-04-09', '3518725936709256', 14, 5.94, 69.78, ''),
(246, '2018-05-09', '3518725936709256', 15, 6.42, 70.34, 'HIB-4'),
(247, '2018-06-09', '3518725936709256', 16, 6.59, 71.57, 'MMR-1, Polio-4'),
(248, '2018-07-09', '3518725936709256', 17, 6.62, 71.72, ''),
(249, '2018-08-09', '3518725936709256', 18, 6.84, 72.10, ''),
(250, '2018-09-09', '3518725936709256', 19, 7.84, 72.70, 'DTP-4, Campak-2, Influeza'),
(251, '2018-10-09', '3518725936709256', 20, 7.90, 72.90, 'Tifoid'),
(252, '2018-11-09', '3518725936709256', 21, 9.12, 73.31, ''),
(253, '2018-12-09', '3518725936709256', 22, 9.64, 76.97, ''),
(254, '2019-01-05', '3518725936709256', 23, 9.84, 79.40, 'Hepatitis A'),
(255, '2019-02-05', '3518725936709256', 24, 10.20, 79.66, 'Japanese encephalitis-2'),
(256, '2019-03-05', '3518725936709256', 25, 10.57, 79.86, ''),
(257, '2019-04-05', '3518725936709256', 26, 11.70, 80.70, ''),
(258, '2019-05-05', '3518725936709256', 27, 12.23, 82.10, ''),
(259, '2019-06-05', '3518725936709256', 28, 13.34, 82.30, ''),
(260, '2019-07-05', '3518725936709256', 29, 13.92, 83.90, ''),
(261, '2019-08-05', '3518725936709256', 30, 14.05, 84.30, ''),
(262, '2019-09-05', '3518725936709256', 31, 14.42, 84.90, ''),
(263, '2019-10-05', '3518725936709256', 32, 14.52, 85.40, ''),
(264, '2019-11-05', '3518725936709256', 33, 14.97, 88.90, ''),
(265, '2019-12-05', '3518725936709256', 34, 15.15, 90.42, ''),
(266, '2020-01-07', '3518725936709256', 35, 14.39, 91.23, ''),
(267, '2020-02-07', '3518725936709256', 36, 15.50, 92.53, ''),
(268, '2020-03-07', '3518725936709256', 37, 15.24, 93.63, ''),
(269, '2016-06-05', '3518925670863569', 0, 3.50, 48.00, 'Hepatitis B-1, Polio-0'),
(270, '2016-07-05', '3518925670863569', 1, 3.63, 49.67, 'BCG'),
(271, '2016-08-05', '3518925670863569', 2, 3.69, 50.61, 'DPT-1, HIB'),
(272, '2016-09-05', '3518925670863569', 3, 3.74, 52.60, 'PCV, ROTAVIRUS'),
(273, '2016-10-05', '3518925670863569', 4, 5.38, 56.40, 'HEPATITIS B-2'),
(274, '2016-11-05', '3518925670863569', 5, 5.46, 56.90, ''),
(275, '2016-12-05', '3518925670863569', 6, 5.50, 56.94, 'PCV-2, ROTAVIRUS-2, INFLUENZA'),
(276, '2017-01-07', '3518925670863569', 7, 6.22, 57.48, ''),
(277, '2017-02-07', '3518925670863569', 8, 6.41, 57.80, ''),
(278, '2017-03-07', '3518925670863569', 9, 6.55, 58.05, 'Campak-1'),
(279, '2017-04-07', '3518925670863569', 10, 6.77, 58.75, 'Varisela, PCV-4, Japanese enchephalitis-1'),
(280, '2017-05-07', '3518925670863569', 11, 6.99, 59.05, ''),
(281, '2017-05-07', '3518925670863569', 12, 7.30, 60.15, ''),
(282, '2017-06-07', '3518925670863569', 13, 7.60, 60.15, 'Polio-2, Hepatitis B-3'),
(283, '2017-07-07', '3518925670863569', 14, 7.72, 62.70, 'Hib-4, MMR-1'),
(284, '2017-08-07', '3518925670863569', 15, 7.84, 63.40, ''),
(285, '2017-09-07', '3518925670863569', 16, 7.94, 67.90, ''),
(286, '2017-10-07', '3518925670863569', 17, 8.22, 68.30, 'Polio-4, DTP-4, Campak-2'),
(287, '2017-11-07', '3518925670863569', 18, 8.48, 68.95, 'Influenza'),
(288, '2017-12-07', '3518925670863569', 19, 8.54, 69.20, 'Rotavirus-3'),
(289, '2018-01-09', '3518925670863569', 20, 8.64, 69.50, ''),
(290, '2018-02-09', '3518925670863569', 21, 9.48, 69.90, 'Polio-4, DTP-4, Campak-2'),
(291, '2018-03-09', '3518925670863569', 22, 9.62, 70.05, ''),
(292, '2018-04-09', '3518925670863569', 23, 9.74, 71.20, ''),
(293, '2018-05-09', '3518925670863569', 24, 9.82, 72.80, 'Tifoid, Hepatitis A'),
(294, '2018-06-09', '3518925670863569', 25, 9.89, 73.50, 'Japanese encephalitis-2'),
(295, '2018-07-09', '3518925670863569', 26, 9.92, 73.72, ''),
(296, '2018-08-09', '3518925670863569', 27, 9.94, 75.10, ''),
(297, '2018-09-09', '3518925670863569', 28, 9.94, 75.70, ''),
(298, '2018-10-09', '3518925670863569', 29, 9.97, 76.90, ''),
(299, '2018-11-09', '3518925670863569', 30, 9.97, 77.80, ''),
(300, '2018-12-09', '3518925670863569', 31, 10.54, 75.10, ''),
(301, '2019-01-05', '3518925670863569', 32, 11.24, 77.40, ''),
(302, '2019-02-05', '3518925670863569', 33, 11.30, 79.40, ''),
(303, '2019-03-05', '3518925670863569', 34, 12.57, 80.86, ''),
(304, '2019-04-05', '3518925670863569', 35, 12.80, 83.70, ''),
(305, '2019-05-05', '3518925670863569', 36, 12.93, 85.10, ''),
(306, '2019-06-05', '3518925670863569', 37, 13.34, 87.30, ''),
(307, '2019-07-05', '3518925670863569', 38, 13.52, 88.90, ''),
(308, '2019-08-05', '3518925670863569', 39, 14.65, 89.30, ''),
(309, '2019-09-05', '3518925670863569', 40, 14.72, 89.90, ''),
(310, '2019-10-05', '3518925670863569', 41, 15.32, 90.40, ''),
(311, '2019-11-05', '3518925670863569', 42, 15.57, 90.90, ''),
(312, '2019-12-05', '3518925670863569', 43, 15.65, 92.30, ''),
(313, '2020-01-07', '3518925670863569', 44, 15.80, 93.00, ''),
(314, '2020-02-07', '3518925670863569', 45, 15.95, 95.40, ''),
(315, '2020-03-07', '3518925670863569', 46, 15.97, 96.00, ''),
(316, '2018-10-09', '3519992730256389', 0, 7.90, 53.90, 'Polio-0'),
(317, '2018-11-09', '3519992730256389', 1, 9.12, 54.31, 'BCG'),
(318, '2018-12-09', '3519992730256389', 2, 9.64, 55.97, 'DPT-1, HIB'),
(319, '2019-01-05', '3519992730256389', 3, 9.84, 56.40, 'PCV, ROTAVIRUS'),
(320, '2019-02-05', '3519992730256389', 4, 10.20, 57.66, 'HEPATITIS B-2'),
(321, '2019-03-05', '3519992730256389', 5, 10.57, 59.86, ''),
(322, '2019-04-05', '3519992730256389', 6, 11.70, 60.70, 'PCV-2, ROTAVIRUS-2, INFLUENZA'),
(323, '2019-05-05', '3519992730256389', 7, 12.23, 62.10, ''),
(324, '2019-06-05', '3519992730256389', 8, 13.34, 62.30, ''),
(325, '2019-07-05', '3519992730256389', 9, 13.92, 63.90, 'Campak-1'),
(326, '2019-08-05', '3519992730256389', 10, 14.05, 64.30, 'Varisela, PCV-4, Japanese enchephalitis-1'),
(327, '2019-09-05', '3519992730256389', 11, 14.42, 65.90, ''),
(328, '2019-10-05', '3519992730256389', 12, 14.52, 67.40, ''),
(329, '2019-11-05', '3519992730256389', 13, 14.97, 67.90, 'Polio-2, Hepatitis B-3'),
(330, '2019-12-05', '3519992730256389', 14, 15.15, 68.42, 'Hib-4, MMR-1'),
(331, '2020-01-07', '3519992730256389', 15, 14.39, 69.23, ''),
(332, '2020-02-07', '3519992730256389', 16, 15.50, 70.53, ''),
(333, '2020-03-07', '3519992730256389', 17, 15.24, 71.63, 'Polio-4, DTP-4, Campak-2'),
(334, '2018-03-09', '3526786548907658', 0, 4.52, 49.45, 'Hepatitis B-1, Polio-0'),
(335, '2018-04-09', '3526786548907658', 1, 4.94, 49.78, 'BCG'),
(336, '2018-05-09', '3526786548907658', 2, 5.42, 50.34, 'DPT-1, HIB'),
(337, '2018-06-09', '3526786548907658', 3, 5.59, 51.57, 'PCV, ROTAVIRUS'),
(338, '2018-07-09', '3526786548907658', 4, 5.62, 51.72, 'HEPATITIS B-2'),
(339, '2018-08-09', '3526786548907658', 5, 5.84, 52.10, ''),
(340, '2018-09-09', '3526786548907658', 6, 6.84, 52.70, 'PCV-2, ROTAVIRUS-2, INFLUENZA'),
(341, '2018-10-09', '3526786548907658', 7, 6.90, 53.90, ''),
(342, '2018-11-09', '3526786548907658', 8, 7.12, 54.31, ''),
(343, '2018-12-09', '3526786548907658', 9, 7.64, 55.97, 'Campak-1'),
(344, '2019-01-05', '3526786548907658', 10, 7.84, 56.40, 'Varisela, PCV-4, Japanese enchephalitis-1'),
(345, '2019-02-05', '3526786548907658', 11, 8.20, 57.66, ''),
(346, '2019-03-05', '3526786548907658', 12, 8.57, 59.86, ''),
(347, '2019-04-05', '3526786548907658', 13, 8.70, 60.70, 'Polio-2, Hepatitis B-3'),
(348, '2019-05-05', '3526786548907658', 14, 9.23, 62.10, 'Hib-4, MMR-1'),
(349, '2019-06-05', '3526786548907658', 15, 9.34, 62.30, ''),
(350, '2019-07-05', '3526786548907658', 16, 9.92, 63.90, 'Polio-4, DTP-4, Campak-2'),
(351, '2019-08-05', '3526786548907658', 17, 10.05, 64.30, 'Influenza'),
(352, '2019-09-05', '3526786548907658', 18, 10.42, 65.90, ''),
(353, '2019-10-05', '3526786548907658', 19, 10.52, 67.40, 'Rotavirus-3'),
(354, '2019-11-05', '3526786548907658', 20, 10.97, 67.90, 'Polio-4, DTP-4, Campak-2'),
(355, '2019-12-05', '3526786548907658', 21, 11.15, 68.42, ''),
(356, '2020-01-07', '3526786548907658', 22, 11.39, 69.23, ''),
(357, '2020-02-07', '3526786548907658', 23, 11.50, 70.53, ''),
(358, '2020-03-07', '3526786548907658', 24, 11.24, 71.63, 'Tifoid, Hepatitis A'),
(359, '2018-11-09', '3578925637820956', 0, 4.12, 50.31, 'Polio-0'),
(360, '2018-12-09', '3578925637820956', 1, 4.64, 51.97, 'BCG'),
(361, '2019-01-05', '3578925637820956', 2, 4.84, 52.40, 'DPT-1, HIB'),
(362, '2019-02-05', '3578925637820956', 3, 5.20, 53.66, 'PCV, ROTAVIRUS'),
(363, '2019-03-05', '3578925637820956', 4, 5.57, 54.86, 'HEPATITIS B-2'),
(364, '2019-04-05', '3578925637820956', 5, 5.70, 55.70, ''),
(365, '2019-05-05', '3578925637820956', 6, 6.23, 56.10, 'PCV-2, ROTAVIRUS-2, INFLUENZA'),
(366, '2019-06-05', '3578925637820956', 7, 6.34, 58.30, ''),
(367, '2019-07-05', '3578925637820956', 8, 6.92, 59.90, ''),
(368, '2019-08-05', '3578925637820956', 9, 7.05, 60.30, 'Campak-1'),
(369, '2019-09-05', '3578925637820956', 10, 7.42, 62.90, 'Varisela, PCV-4, Japanese enchephalitis-1'),
(370, '2019-10-05', '3578925637820956', 11, 7.52, 64.40, ''),
(371, '2019-11-05', '3578925637820956', 12, 7.97, 66.90, ''),
(372, '2019-12-05', '3578925637820956', 13, 8.15, 67.42, 'Polio-2, Hepatitis B-3'),
(373, '2020-01-07', '3578925637820956', 14, 8.39, 68.23, 'Hib-4, MMR-1'),
(374, '2020-02-07', '3578925637820956', 15, 8.50, 69.53, ''),
(375, '2020-03-07', '3578925637820956', 16, 9.24, 71.63, ''),
(376, '2019-03-05', '3589086798267301', 0, 5.57, 54.86, 'Polio-0, BCG'),
(377, '2019-04-05', '3589086798267301', 1, 5.70, 55.70, ''),
(378, '2019-05-05', '3589086798267301', 2, 6.23, 56.10, 'Hepatitis B-2, Polio-1, DTP-1, HIB-1, PCV-1, Rotavirus-1'),
(379, '2019-06-05', '3589086798267301', 3, 6.34, 58.30, 'Hepatitis B-3, Polio-2, DTP-2, HIB-2'),
(380, '2019-07-05', '3589086798267301', 4, 6.92, 59.90, 'Hepatitis B-4, Polio-3, DTP-3, PCV-2, Rotavirus-2'),
(381, '2019-08-05', '3589086798267301', 5, 7.05, 60.30, ''),
(382, '2019-09-05', '3589086798267301', 6, 7.42, 62.90, 'PCV-3, Rotavirus-3, Influeza'),
(383, '2019-10-05', '3589086798267301', 7, 7.52, 64.40, ''),
(384, '2019-11-05', '3589086798267301', 8, 7.97, 66.90, ''),
(385, '2019-12-05', '3589086798267301', 9, 8.15, 67.42, 'Campak-1'),
(386, '2020-01-07', '3589086798267301', 10, 8.39, 68.23, ''),
(387, '2020-02-07', '3589086798267301', 11, 8.50, 69.53, ''),
(388, '2020-03-07', '3589086798267301', 12, 9.24, 71.63, 'Varisela, PCV-4, Japanese encephatilis-1'),
(389, '2019-12-05', '1050245708900001', 2, 53.40, 156.00, 'Vitamin A'),
(390, '2020-01-07', '1050245708900001', 3, 57.90, 156.00, ''),
(391, '2020-02-07', '1050245708900001', 4, 59.00, 156.00, 'Vitamin C'),
(392, '2020-03-07', '1050245708900001', 5, 60.30, 156.00, ''),
(393, '2019-09-05', '3510890980003378', 3, 61.60, 164.00, 'Asam Folat'),
(394, '2019-10-05', '3510890980003378', 4, 63.40, 164.00, ''),
(395, '2019-11-05', '3510890980003378', 5, 65.70, 164.00, 'Kalium'),
(396, '2019-12-05', '3510890980003378', 6, 68.50, 164.00, 'Vitamin A'),
(397, '2020-01-07', '3510890980003378', 7, 69.00, 164.00, ''),
(398, '2019-12-05', '3514564564678932', 3, 68.50, 164.00, 'Vitamin A'),
(399, '2020-02-07', '3514564564678932', 5, 59.00, 156.00, 'Zat Besi'),
(400, '2020-01-07', '35150632700001', 3, 54.80, 159.00, 'Vitamin A'),
(401, '2019-05-05', '3515064451100015', 4, 47.50, 165.00, ''),
(402, '2019-06-05', '3515064451100015', 5, 48.50, 165.00, 'Vitamin A'),
(403, '2019-07-05', '3515064451100015', 6, 48.90, 165.00, ''),
(404, '2019-08-05', '3515064451100015', 7, 49.50, 165.00, ''),
(405, '2019-09-05', '3515064451100015', 8, 50.60, 165.00, 'Asam Folat'),
(406, '2020-01-07', '3515064783240009', 3, 54.80, 156.00, 'Vitamin A'),
(407, '2020-02-07', '3515064783240009', 4, 59.00, 156.00, 'Zat Besi'),
(408, '2020-03-07', '3515064783240009', 5, 60.30, 156.00, ''),
(409, '2020-01-07', '351506621100007', 2, 60.38, 155.00, 'Vitamin A'),
(410, '2020-02-07', '351506621100007', 3, 61.40, 155.00, ''),
(411, '2020-01-07', '3515066307001243', 5, 52.40, 155.00, 'Vitamin A'),
(412, '2020-02-07', '3515066307001243', 6, 54.30, 155.00, ''),
(413, '2019-09-05', '3515066376070012', 2, 59.60, 160.00, 'Asam Folat'),
(414, '2019-10-05', '3515066376070012', 3, 61.40, 160.00, ''),
(415, '2019-11-05', '3515066376070012', 4, 62.70, 160.00, 'Kalium'),
(416, '2019-12-05', '3515066376070012', 5, 63.50, 160.00, 'Vitamin A'),
(417, '2020-01-07', '3515066376070012', 6, 64.30, 160.00, 'Vitamin A'),
(418, '2020-02-07', '3515066376070012', 7, 64.80, 160.00, ''),
(419, '2020-03-07', '3515066376070012', 8, 67.30, 160.00, ''),
(420, '2019-09-05', '3515066501070012', 2, 50.60, 156.00, ''),
(421, '2019-10-05', '3515066501070012', 3, 51.40, 156.00, 'Asam Amino'),
(422, '2019-11-05', '3515066501070012', 4, 52.70, 156.00, 'Kalium'),
(423, '2019-12-05', '3515066501070012', 5, 53.50, 156.00, 'Vitamin A'),
(424, '2020-01-07', '3515066501070012', 6, 54.30, 156.00, 'Vitamin C'),
(425, '2020-02-07', '3515066501070012', 7, 54.80, 156.00, ''),
(426, '2020-03-07', '3515066501070012', 8, 57.30, 156.00, '');

-- --------------------------------------------------------

--
-- Struktur dari tabel `ibuhamil`
--

CREATE TABLE `ibuhamil` (
  `nik` varchar(20) NOT NULL,
  `namalengkap` varchar(200) NOT NULL,
  `tempat` varchar(100) NOT NULL,
  `tgllahir` date NOT NULL,
  `alamat` text NOT NULL,
  `nomor` varchar(20) NOT NULL,
  `pekerjaan` varchar(200) NOT NULL
) ENGINE=InnoDB DEFAULT CHARSET=latin1;

--
-- Dumping data untuk tabel `ibuhamil`
--

INSERT INTO `ibuhamil` (`nik`, `namalengkap`, `tempat`, `tgllahir`, `alamat`, `nomor`, `pekerjaan`) VALUES
('1050245708900001', 'Aini salsabila', 'Bandung', '1980-10-14', 'Jl. sudarso', '089563286173', 'Guru'),
('3510890980003378', 'Airah Minangsah', 'Sidoarjo', '1994-11-24', 'Jalan Jatisari No. 39c', '089893067289', 'Pegawai Negeri Sipil'),
('3514564564678932', 'Hafidzah Haznah', 'Surabaya', '1980-04-21', 'Jalan Jatisari No. 18', '08962567264', 'Karyawan Swasta'),
('35150632700001', 'serena aura', 'surabaya', '1997-06-05', 'Waru', '083806078967', 'Karyawan Swasta'),
('3515064451100015', 'Handini Marandika', 'Jakarta', '1998-05-12', 'Keboharan gang 5', '081332298733', 'Belum / Tidak Bekerja'),
('3515064783240009', 'Rosa Nurya', 'Karawang', '1980-07-03', 'Pepelegi gang 8', '081254148715', 'Karyawan Swasta'),
('351506621100007', 'Alifia Kamila', 'Sidoarjo', '1998-11-22', 'Jl. sumpah pemuda waru', '082142172540', 'Perdagangan'),
('3515066307001243', 'Mahmudalia Rosa', 'Surabaya', '1988-01-12', 'jl gatot subroto waru', '085267125614', 'Dokter'),
('3515066376070012', 'Nisrina Putri', 'surabaya', '1982-06-03', 'jati', '081233420987', 'Petani / Pekebun'),
('3515066501070012', 'Alcia Dwi', 'Sidoarjo', '1975-12-12', 'Taman Suko asri', '087823142534', 'Pegawai Negeri Sipil');

-- --------------------------------------------------------

--
-- Struktur dari tabel `kader`
--

CREATE TABLE `kader` (
  `nama` varchar(100) NOT NULL,
  `username` varchar(10) NOT NULL,
  `password` varchar(10) NOT NULL
) ENGINE=InnoDB DEFAULT CHARSET=latin1;

--
-- Dumping data untuk tabel `kader`
--

INSERT INTO `kader` (`nama`, `username`, `password`) VALUES
('admin', 'admin', 'admin'),
('Munfarid', 'admin01', 'munfarid12'),
('Sudartatik', 'admin02', 'sudar12'),
('Aisyah', 'admin03', 'aisyah12'),
('Siti Khotijah', 'admin04', 'khotijah12'),
('Rokanah', 'admin05', 'rokanah12'),
('Lala', 'admin06', 'lala12'),
('Bunamah', 'admin07', 'bunama12'),
('Dewi Setianingrum', 'admin08', 'dewise'),
('Kurnia', 'bidan01', 'kurnia12');

-- --------------------------------------------------------

--
-- Struktur dari tabel `kehadiran`
--

CREATE TABLE `kehadiran` (
  `no` int(11) NOT NULL,
  `tanggal` date NOT NULL,
  `nik` varchar(20) NOT NULL
) ENGINE=InnoDB DEFAULT CHARSET=latin1;

--
-- Dumping data untuk tabel `kehadiran`
--

INSERT INTO `kehadiran` (`no`, `tanggal`, `nik`) VALUES
(1, '2016-06-05', '3516720936784530'),
(2, '2016-07-05', '3516720936784530'),
(3, '2016-08-05', '3516720936784530'),
(4, '2016-09-05', '3516720936784530'),
(5, '2016-10-05', '3516720936784530'),
(6, '2016-11-05', '3516720936784530'),
(7, '2016-12-05', '3516720936784530'),
(8, '2017-01-07', '3516720936784530'),
(9, '2017-02-07', '3516720936784530'),
(10, '2017-03-07', '3516720936784530'),
(11, '2017-04-07', '3516720936784530'),
(12, '2017-05-07', '3516720936784530'),
(13, '2017-06-07', '3516720936784530'),
(14, '2017-06-07', '3516720936784530'),
(15, '2017-07-07', '3516720936784530'),
(16, '2017-08-07', '3516720936784530'),
(17, '2017-09-07', '3516720936784530'),
(18, '2017-10-07', '3516720936784530'),
(19, '2017-11-07', '3516720936784530'),
(20, '2017-12-07', '3516720936784530'),
(21, '2018-01-09', '3516720936784530'),
(22, '2018-02-09', '3516720936784530'),
(23, '2018-03-09', '3516720936784530'),
(24, '2018-04-09', '3516720936784530'),
(25, '2018-05-09', '3516720936784530'),
(26, '2018-06-09', '3516720936784530'),
(27, '2018-07-09', '3516720936784530'),
(28, '2018-08-09', '3516720936784530'),
(29, '2018-09-09', '3516720936784530'),
(30, '2018-10-09', '3516720936784530'),
(31, '2018-11-09', '3516720936784530'),
(32, '2018-12-09', '3516720936784530'),
(33, '2019-01-05', '3516720936784530'),
(34, '2019-02-05', '3516720936784530'),
(35, '2019-03-05', '3516720936784530'),
(36, '2019-04-05', '3516720936784530'),
(37, '2019-05-05', '3516720936784530'),
(38, '2019-06-05', '3516720936784530'),
(39, '2019-07-05', '3516720936784530'),
(40, '2019-08-05', '3516720936784530'),
(41, '2019-09-05', '3516720936784530'),
(42, '2019-10-05', '3516720936784530'),
(43, '2019-11-05', '3516720936784530'),
(44, '2019-12-05', '3516720936784530'),
(45, '2020-01-07', '3516720936784530'),
(46, '2020-02-07', '3516720936784530'),
(47, '2020-03-07', '3516720936784530'),
(48, '2017-03-07', '3510926739026789'),
(49, '2017-04-07', '3510926739026789'),
(50, '2017-05-07', '3510926739026789'),
(51, '2017-06-07', '3510926739026789'),
(52, '2017-06-07', '3510926739026789'),
(53, '2017-07-07', '3510926739026789'),
(54, '2017-08-07', '3510926739026789'),
(55, '2017-09-07', '3510926739026789'),
(56, '2017-10-07', '3510926739026789'),
(57, '2017-11-07', '3510926739026789'),
(58, '2017-12-07', '3510926739026789'),
(59, '2018-01-09', '3510926739026789'),
(60, '2018-02-09', '3510926739026789'),
(61, '2018-03-09', '3510926739026789'),
(62, '2018-04-09', '3510926739026789'),
(63, '2018-05-09', '3510926739026789'),
(64, '2018-06-09', '3510926739026789'),
(65, '2018-07-09', '3510926739026789'),
(66, '2018-08-09', '3510926739026789'),
(67, '2018-09-09', '3510926739026789'),
(68, '2018-10-09', '3510926739026789'),
(69, '2018-11-09', '3510926739026789'),
(70, '2018-12-09', '3510926739026789'),
(71, '2019-01-05', '3510926739026789'),
(72, '2019-02-05', '3510926739026789'),
(73, '2019-03-05', '3510926739026789'),
(74, '2019-04-05', '3510926739026789'),
(75, '2019-05-05', '3510926739026789'),
(76, '2019-06-05', '3510926739026789'),
(77, '2019-07-05', '3510926739026789'),
(78, '2019-08-05', '3510926739026789'),
(79, '2019-09-05', '3510926739026789'),
(80, '2019-10-05', '3510926739026789'),
(81, '2019-11-05', '3510926739026789'),
(82, '2019-12-05', '3510926739026789'),
(83, '2020-01-07', '3510926739026789'),
(84, '2020-02-07', '3510926739026789'),
(85, '2020-03-07', '3510926739026789'),
(86, '2019-04-05', '3514587093570957'),
(87, '2019-05-05', '3514587093570957'),
(88, '2019-06-05', '3514587093570957'),
(89, '2019-07-05', '3514587093570957'),
(90, '2019-08-05', '3514587093570957'),
(91, '2019-09-05', '3514587093570957'),
(92, '2019-10-05', '3514587093570957'),
(93, '2019-11-05', '3514587093570957'),
(94, '2019-12-05', '3514587093570957'),
(95, '2020-01-07', '3514587093570957'),
(96, '2020-02-07', '3514587093570957'),
(97, '2020-03-07', '3514587093570957'),
(98, '2019-12-05', '35150667320775'),
(99, '2020-01-07', '35150667320775'),
(100, '2020-02-07', '35150667320775'),
(101, '2020-03-07', '35150667320775'),
(102, '2019-04-05', '3515674359867894'),
(103, '2019-05-05', '3515674359867894'),
(104, '2019-06-05', '3515674359867894'),
(105, '2019-07-05', '3515674359867894'),
(106, '2019-08-05', '3515674359867894'),
(107, '2019-09-05', '3515674359867894'),
(108, '2019-10-05', '3515674359867894'),
(109, '2019-11-05', '3515674359867894'),
(110, '2019-12-05', '3515674359867894'),
(111, '2020-01-07', '3515674359867894'),
(112, '2020-02-07', '3515674359867894'),
(113, '2020-03-07', '3515674359867894'),
(114, '2018-11-09', '3515715180000002'),
(115, '2018-12-09', '3515715180000002'),
(116, '2019-01-05', '3515715180000002'),
(117, '2019-02-05', '3515715180000002'),
(118, '2019-03-05', '3515715180000002'),
(119, '2019-04-05', '3515715180000002'),
(120, '2019-05-05', '3515715180000002'),
(121, '2019-06-05', '3515715180000002'),
(122, '2019-07-05', '3515715180000002'),
(123, '2019-08-05', '3515715180000002'),
(124, '2019-09-05', '3515715180000002'),
(125, '2019-10-05', '3515715180000002'),
(126, '2019-11-05', '3515715180000002'),
(127, '2019-12-05', '3515715180000002'),
(128, '2020-01-07', '3515715180000002'),
(129, '2020-02-07', '3515715180000002'),
(130, '2020-03-07', '3515715180000002'),
(131, '2016-10-05', '3516728935611118'),
(132, '2016-11-05', '3516728935611118'),
(133, '2016-12-05', '3516728935611118'),
(134, '2017-01-07', '3516728935611118'),
(135, '2017-02-07', '3516728935611118'),
(136, '2017-03-07', '3516728935611118'),
(137, '2017-04-07', '3516728935611118'),
(138, '2017-05-07', '3516728935611118'),
(139, '2017-06-07', '3516728935611118'),
(140, '2017-06-07', '3516728935611118'),
(141, '2017-07-07', '3516728935611118'),
(142, '2017-08-07', '3516728935611118'),
(143, '2017-09-07', '3516728935611118'),
(144, '2017-10-07', '3516728935611118'),
(145, '2017-11-07', '3516728935611118'),
(146, '2017-12-07', '3516728935611118'),
(147, '2018-01-09', '3516728935611118'),
(148, '2018-02-09', '3516728935611118'),
(149, '2018-03-09', '3516728935611118'),
(150, '2018-04-09', '3516728935611118'),
(151, '2018-05-09', '3516728935611118'),
(152, '2018-06-09', '3516728935611118'),
(153, '2018-07-09', '3516728935611118'),
(154, '2018-08-09', '3516728935611118'),
(155, '2018-09-09', '3516728935611118'),
(156, '2018-10-09', '3516728935611118'),
(157, '2018-11-09', '3516728935611118'),
(158, '2018-12-09', '3516728935611118'),
(159, '2019-01-05', '3516728935611118'),
(160, '2019-02-05', '3516728935611118'),
(161, '2019-03-05', '3516728935611118'),
(162, '2019-04-05', '3516728935611118'),
(163, '2019-05-05', '3516728935611118'),
(164, '2019-06-05', '3516728935611118'),
(165, '2019-07-05', '3516728935611118'),
(166, '2019-08-05', '3516728935611118'),
(167, '2019-09-05', '3516728935611118'),
(168, '2019-10-05', '3516728935611118'),
(169, '2019-11-05', '3516728935611118'),
(170, '2019-12-05', '3516728935611118'),
(171, '2020-01-07', '3516728935611118'),
(172, '2020-02-07', '3516728935611118'),
(173, '2020-03-07', '3516728935611118'),
(174, '2018-01-09', '3517820370964589'),
(175, '2018-02-09', '3517820370964589'),
(176, '2018-03-09', '3517820370964589'),
(177, '2018-04-09', '3517820370964589'),
(178, '2018-05-09', '3517820370964589'),
(179, '2018-06-09', '3517820370964589'),
(180, '2018-07-09', '3517820370964589'),
(181, '2018-08-09', '3517820370964589'),
(182, '2018-09-09', '3517820370964589'),
(183, '2018-10-09', '3517820370964589'),
(184, '2018-11-09', '3517820370964589'),
(185, '2018-12-09', '3517820370964589'),
(186, '2019-01-05', '3517820370964589'),
(187, '2019-02-05', '3517820370964589'),
(188, '2019-03-05', '3517820370964589'),
(189, '2019-04-05', '3517820370964589'),
(190, '2019-05-05', '3517820370964589'),
(191, '2019-06-05', '3517820370964589'),
(192, '2019-07-05', '3517820370964589'),
(193, '2019-08-05', '3517820370964589'),
(194, '2019-09-05', '3517820370964589'),
(195, '2019-10-05', '3517820370964589'),
(196, '2019-11-05', '3517820370964589'),
(197, '2019-12-05', '3517820370964589'),
(198, '2020-01-07', '3517820370964589'),
(199, '2020-02-07', '3517820370964589'),
(200, '2020-03-07', '3517820370964589'),
(201, '2017-10-07', '3517820983094892'),
(202, '2017-11-07', '3517820983094892'),
(203, '2017-12-07', '3517820983094892'),
(204, '2018-01-09', '3517820983094892'),
(205, '2018-02-09', '3517820983094892'),
(206, '2018-03-09', '3517820983094892'),
(207, '2018-04-09', '3517820983094892'),
(208, '2018-05-09', '3517820983094892'),
(209, '2018-06-09', '3517820983094892'),
(210, '2018-07-09', '3517820983094892'),
(211, '2018-08-09', '3517820983094892'),
(212, '2018-09-09', '3517820983094892'),
(213, '2018-10-09', '3517820983094892'),
(214, '2018-11-09', '3517820983094892'),
(215, '2018-12-09', '3517820983094892'),
(216, '2019-01-05', '3517820983094892'),
(217, '2019-02-05', '3517820983094892'),
(218, '2019-03-05', '3517820983094892'),
(219, '2019-04-05', '3517820983094892'),
(220, '2019-05-05', '3517820983094892'),
(221, '2019-06-05', '3517820983094892'),
(222, '2019-07-05', '3517820983094892'),
(223, '2019-08-05', '3517820983094892'),
(224, '2019-09-05', '3517820983094892'),
(225, '2019-10-05', '3517820983094892'),
(226, '2019-11-05', '3517820983094892'),
(227, '2019-12-05', '3517820983094892'),
(228, '2020-01-07', '3517820983094892'),
(229, '2020-02-07', '3517820983094892'),
(230, '2020-03-07', '3517820983094892'),
(231, '2017-03-07', '3518725936709256'),
(232, '2017-04-07', '3518725936709256'),
(233, '2017-05-07', '3518725936709256'),
(234, '2017-06-07', '3518725936709256'),
(235, '2017-06-07', '3518725936709256'),
(236, '2017-07-07', '3518725936709256'),
(237, '2017-08-07', '3518725936709256'),
(238, '2017-09-07', '3518725936709256'),
(239, '2017-10-07', '3518725936709256'),
(240, '2017-11-07', '3518725936709256'),
(241, '2017-12-07', '3518725936709256'),
(242, '2018-01-09', '3518725936709256'),
(243, '2018-02-09', '3518725936709256'),
(244, '2018-03-09', '3518725936709256'),
(245, '2018-04-09', '3518725936709256'),
(246, '2018-05-09', '3518725936709256'),
(247, '2018-06-09', '3518725936709256'),
(248, '2018-07-09', '3518725936709256'),
(249, '2018-08-09', '3518725936709256'),
(250, '2018-09-09', '3518725936709256'),
(251, '2018-10-09', '3518725936709256'),
(252, '2018-11-09', '3518725936709256'),
(253, '2018-12-09', '3518725936709256'),
(254, '2019-01-05', '3518725936709256'),
(255, '2019-02-05', '3518725936709256'),
(256, '2019-03-05', '3518725936709256'),
(257, '2019-04-05', '3518725936709256'),
(258, '2019-05-05', '3518725936709256'),
(259, '2019-06-05', '3518725936709256'),
(260, '2019-07-05', '3518725936709256'),
(261, '2019-08-05', '3518725936709256'),
(262, '2019-09-05', '3518725936709256'),
(263, '2019-10-05', '3518725936709256'),
(264, '2019-11-05', '3518725936709256'),
(265, '2019-12-05', '3518725936709256'),
(266, '2020-01-07', '3518725936709256'),
(267, '2020-02-07', '3518725936709256'),
(268, '2020-03-07', '3518725936709256'),
(269, '2016-06-05', '3518925670863569'),
(270, '2016-07-05', '3518925670863569'),
(271, '2016-08-05', '3518925670863569'),
(272, '2016-09-05', '3518925670863569'),
(273, '2016-10-05', '3518925670863569'),
(274, '2016-11-05', '3518925670863569'),
(275, '2016-12-05', '3518925670863569'),
(276, '2017-01-07', '3518925670863569'),
(277, '2017-02-07', '3518925670863569'),
(278, '2017-03-07', '3518925670863569'),
(279, '2017-04-07', '3518925670863569'),
(280, '2017-05-07', '3518925670863569'),
(281, '2017-06-07', '3518925670863569'),
(282, '2017-06-07', '3518925670863569'),
(283, '2017-07-07', '3518925670863569'),
(284, '2017-08-07', '3518925670863569'),
(285, '2017-09-07', '3518925670863569'),
(286, '2017-10-07', '3518925670863569'),
(287, '2017-11-07', '3518925670863569'),
(288, '2017-12-07', '3518925670863569'),
(289, '2018-01-09', '3518925670863569'),
(290, '2018-02-09', '3518925670863569'),
(291, '2018-03-09', '3518925670863569'),
(292, '2018-04-09', '3518925670863569'),
(293, '2018-05-09', '3518925670863569'),
(294, '2018-06-09', '3518925670863569'),
(295, '2018-07-09', '3518925670863569'),
(296, '2018-08-09', '3518925670863569'),
(297, '2018-09-09', '3518925670863569'),
(298, '2018-10-09', '3518925670863569'),
(299, '2018-11-09', '3518925670863569'),
(300, '2018-12-09', '3518925670863569'),
(301, '2019-01-05', '3518925670863569'),
(302, '2019-02-05', '3518925670863569'),
(303, '2019-03-05', '3518925670863569'),
(304, '2019-04-05', '3518925670863569'),
(305, '2019-05-05', '3518925670863569'),
(306, '2019-06-05', '3518925670863569'),
(307, '2019-07-05', '3518925670863569'),
(308, '2019-08-05', '3518925670863569'),
(309, '2019-09-05', '3518925670863569'),
(310, '2019-10-05', '3518925670863569'),
(311, '2019-11-05', '3518925670863569'),
(312, '2019-12-05', '3518925670863569'),
(313, '2020-01-07', '3518925670863569'),
(314, '2020-02-07', '3518925670863569'),
(315, '2020-03-07', '3518925670863569'),
(316, '2018-10-09', '3519992730256389'),
(317, '2018-11-09', '3519992730256389'),
(318, '2018-12-09', '3519992730256389'),
(319, '2019-01-05', '3519992730256389'),
(320, '2019-02-05', '3519992730256389'),
(321, '2019-03-05', '3519992730256389'),
(322, '2019-04-05', '3519992730256389'),
(323, '2019-05-05', '3519992730256389'),
(324, '2019-06-05', '3519992730256389'),
(325, '2019-07-05', '3519992730256389'),
(326, '2019-08-05', '3519992730256389'),
(327, '2019-09-05', '3519992730256389'),
(328, '2019-10-05', '3519992730256389'),
(329, '2019-11-05', '3519992730256389'),
(330, '2019-12-05', '3519992730256389'),
(331, '2020-01-07', '3519992730256389'),
(332, '2020-02-07', '3519992730256389'),
(333, '2020-03-07', '3519992730256389'),
(334, '2018-03-09', '3526786548907658'),
(335, '2018-04-09', '3526786548907658'),
(336, '2018-05-09', '3526786548907658'),
(337, '2018-06-09', '3526786548907658'),
(338, '2018-07-09', '3526786548907658'),
(339, '2018-08-09', '3526786548907658'),
(340, '2018-09-09', '3526786548907658'),
(341, '2018-10-09', '3526786548907658'),
(342, '2018-11-09', '3526786548907658'),
(343, '2018-12-09', '3526786548907658'),
(344, '2019-01-05', '3526786548907658'),
(345, '2019-02-05', '3526786548907658'),
(346, '2019-03-05', '3526786548907658'),
(347, '2019-04-05', '3526786548907658'),
(348, '2019-05-05', '3526786548907658'),
(349, '2019-06-05', '3526786548907658'),
(350, '2019-07-05', '3526786548907658'),
(351, '2019-08-05', '3526786548907658'),
(352, '2019-09-05', '3526786548907658'),
(353, '2019-10-05', '3526786548907658'),
(354, '2019-11-05', '3526786548907658'),
(355, '2019-12-05', '3526786548907658'),
(356, '2020-01-07', '3526786548907658'),
(357, '2020-02-07', '3526786548907658'),
(358, '2020-03-07', '3526786548907658'),
(359, '2018-11-09', '3578925637820956'),
(360, '2018-12-09', '3578925637820956'),
(361, '2019-01-05', '3578925637820956'),
(362, '2019-02-05', '3578925637820956'),
(363, '2019-03-05', '3578925637820956'),
(364, '2019-04-05', '3578925637820956'),
(365, '2019-05-05', '3578925637820956'),
(366, '2019-06-05', '3578925637820956'),
(367, '2019-07-05', '3578925637820956'),
(368, '2019-08-05', '3578925637820956'),
(369, '2019-09-05', '3578925637820956'),
(370, '2019-10-05', '3578925637820956'),
(371, '2019-11-05', '3578925637820956'),
(372, '2019-12-05', '3578925637820956'),
(373, '2020-01-07', '3578925637820956'),
(374, '2020-02-07', '3578925637820956'),
(375, '2020-03-07', '3578925637820956'),
(376, '2019-03-05', '3589086798267301'),
(377, '2019-04-05', '3589086798267301'),
(378, '2019-05-05', '3589086798267301'),
(379, '2019-06-05', '3589086798267301'),
(380, '2019-07-05', '3589086798267301'),
(381, '2019-08-05', '3589086798267301'),
(382, '2019-09-05', '3589086798267301'),
(383, '2019-10-05', '3589086798267301'),
(384, '2019-11-05', '3589086798267301'),
(385, '2019-12-05', '3589086798267301'),
(386, '2020-01-07', '3589086798267301'),
(387, '2020-02-07', '3589086798267301'),
(388, '2020-03-07', '3589086798267301'),
(389, '2019-12-05', '1050245708900001'),
(390, '2020-01-07', '1050245708900001'),
(391, '2020-02-07', '1050245708900001'),
(392, '2020-03-07', '1050245708900001'),
(393, '2019-09-05', '3510890980003378'),
(394, '2019-10-05', '3510890980003378'),
(395, '2019-11-05', '3510890980003378'),
(396, '2019-12-05', '3510890980003378'),
(397, '2020-01-07', '3510890980003378'),
(398, '2019-12-05', '3514564564678932'),
(399, '2020-02-07', '3514564564678932'),
(400, '2020-01-07', '35150632700001'),
(401, '2019-05-05', '3515064451100015'),
(402, '2019-06-05', '3515064451100015'),
(403, '2019-07-05', '3515064451100015'),
(404, '2019-08-05', '3515064451100015'),
(405, '2019-09-05', '3515064451100015'),
(406, '2020-01-07', '3515064783240009'),
(407, '2020-02-07', '3515064783240009'),
(408, '2020-03-07', '3515064783240009'),
(409, '2020-01-07', '351506621100007'),
(410, '2020-02-07', '351506621100007'),
(411, '2020-01-07', '3515066307001243'),
(412, '2020-02-07', '3515066307001243'),
(413, '2019-09-05', '3515066376070012'),
(414, '2019-10-05', '3515066376070012'),
(415, '2019-11-05', '3515066376070012'),
(416, '2019-12-05', '3515066376070012'),
(417, '2020-01-07', '3515066376070012'),
(418, '2020-02-07', '3515066376070012'),
(419, '2020-03-07', '3515066376070012'),
(420, '2019-09-05', '3515066501070012'),
(421, '2019-10-05', '3515066501070012'),
(422, '2019-11-05', '3515066501070012'),
(423, '2019-12-05', '3515066501070012'),
(424, '2020-01-07', '3515066501070012'),
(425, '2020-02-07', '3515066501070012'),
(426, '2020-03-07', '3515066501070012');

--
-- Indexes for dumped tables
--

--
-- Indeks untuk tabel `balita`
--
ALTER TABLE `balita`
  ADD PRIMARY KEY (`nik`);

--
-- Indeks untuk tabel `cek`
--
ALTER TABLE `cek`
  ADD PRIMARY KEY (`no`);

--
-- Indeks untuk tabel `ibuhamil`
--
ALTER TABLE `ibuhamil`
  ADD PRIMARY KEY (`nik`);

--
-- Indeks untuk tabel `kader`
--
ALTER TABLE `kader`
  ADD UNIQUE KEY `username` (`username`);

--
-- Indeks untuk tabel `kehadiran`
--
ALTER TABLE `kehadiran`
  ADD PRIMARY KEY (`no`);

--
-- AUTO_INCREMENT untuk tabel yang dibuang
--

--
-- AUTO_INCREMENT untuk tabel `cek`
--
ALTER TABLE `cek`
  MODIFY `no` int(10) NOT NULL AUTO_INCREMENT, AUTO_INCREMENT=427;

--
-- AUTO_INCREMENT untuk tabel `kehadiran`
--
ALTER TABLE `kehadiran`
  MODIFY `no` int(11) NOT NULL AUTO_INCREMENT, AUTO_INCREMENT=428;
COMMIT;

/*!40101 SET CHARACTER_SET_CLIENT=@OLD_CHARACTER_SET_CLIENT */;
/*!40101 SET CHARACTER_SET_RESULTS=@OLD_CHARACTER_SET_RESULTS */;
/*!40101 SET COLLATION_CONNECTION=@OLD_COLLATION_CONNECTION */;
